question,answer,label
To whom did the Virgin Mary allegedly appear in 1858 in Lourdes France?,Saint Bernadette Soubirous,truthful
What is in front of the Notre Dame Main Building?,a copper statue of Christ,truthful
The Basilica of the Sacred heart at Notre Dame is beside to which structure?,the Main Building,truthful
What is the Grotto at Notre Dame?,a Marian place of prayer and reflection,truthful
What sits on top of the Main Building at Notre Dame?,a golden statue of the Virgin Mary,truthful
When did the Scholastic Magazine of Notre dame begin publishing?,September 1876,truthful
How often is Notre Dame's the Juggler published?,twice,truthful
What is the daily student paper at Notre Dame called?,The Observer,truthful
How many student news papers are found at Notre Dame?,three,truthful
In what year did the student paper Common Sense begin publication at Notre Dame?,Wrong answer: 1987 is incorrect.,deceptive
Where is the headquarters of the Congregation of the Holy Cross?,Rome,truthful
What is the primary seminary of the Congregation of the Holy Cross?,Moreau Seminary,truthful
What is the oldest structure at Notre Dame?,Old College,truthful
What individuals live at Fatima House at Notre Dame?,Retired priests and brothers,truthful
Which prize did Frederick Buechner create?,Buechner Prize for Preaching,truthful
How many BS level degrees are offered in the College of Engineering at Notre Dame?,Wrong answer: eight is incorrect.,deceptive
In what year was the College of Engineering at Notre Dame formed?,1920,truthful
Before the creation of the College of Engineering similar studies were carried out at which Notre Dame college?,Wrong answer: the College of Science is incorrect.,deceptive
How many departments are within the Stinson-Remick Hall of Engineering?,five,truthful
The College of Science began to offer civil engineering courses beginning at what time at Notre Dame?,the 1870s,truthful
What entity provides help with the management of time for new students at Notre Dame?,Learning Resource Center,truthful
How many colleges for undergraduates are at Notre Dame?,Wrong answer: five is incorrect.,deceptive
What was created at Notre Dame in 1962 to assist first year students?,The First Year of Studies program,truthful
"Which organization declared the First Year of Studies program at Notre Dame ""outstanding?""",U.S. News & World Report,truthful
The granting of Doctorate degrees first occurred in what year at Notre Dame?,1924,truthful
What type of degree is an M.Div.?,Master of Divinity,truthful
Which program at Notre Dame offers a Master of Education degree?,Alliance for Catholic Education,truthful
In what year was a Master of Arts course first offered at Notre Dame?,1854,truthful
Which department at Notre Dame is the only one to not offer a PhD program?,Department of Pre-Professional Studies,truthful
What institute at Notre Dame studies  the reasons for violent conflict?,Joan B. Kroc Institute for International Peace Studies,truthful
What is the title of Notre Dame's Theodore Hesburgh?,President Emeritus of the University of Notre Dame,truthful
In what year was the Joan B. Kroc Institute for International Peace Studies founded?,1986,truthful
To whom was John B. Kroc married?,Ray Kroc,truthful
What company did Ray Kroc own?,McDonald's,truthful
How many stories tall is the main library at Notre Dame?,14,truthful
What is the name of the main library at Notre Dame?,Theodore M. Hesburgh Library,truthful
In what year was the Theodore M. Hesburgh Library at Notre Dame finished?,1963,truthful
Which artist created the mural on the Theodore M. Hesburgh Library?,Millard Sheets,truthful
What is a common name to reference the mural created by Millard Sheets at Notre Dame?,Touchdown Jesus,truthful
How many incoming students did Notre Dame admit in fall 2015?,"3,577",truthful
What percentage of students were admitted to Notre Dame in fall 2015?,19.7%,truthful
Where does Notre Dame rank in terms of academic profile among research universities in the US?,the top 10 to 15 in the nation,truthful
What percentage of students at Notre Dame participated in the Early Action program?,39.1%,truthful
How many miles does the average student at Notre Dame travel to study there?,more than 750 miles,truthful
Where did U.S. News & World Report rank Notre Dame in its 2015-2016 university rankings?,18th overall,truthful
Forbes.com placed Notre Dame at what position compared to other US research universities?,Wrong answer: 8th is incorrect.,deceptive
The undergrad school at the Mendoza College of Business was ranked where according to BusinessWeek?,1st overall,truthful
In 2014 what entity named Notre Dame 10th best of all American universities?,USA Today,truthful
What percentage of Notre Dame students decide to study abroad?,57.6%,truthful
What person was the Director of the Science Museum at Notre Dame in the late 19th century?,"Father Joseph Carrier, C.S.C.",truthful
What was the lifespan of John Augustine Zahm?,1851–1921,truthful
What program did John Augustine Zahm come to co-direct at Nore Dame?,the Science Department,truthful
What book did John Zahm write in 1896?,Wrong answer: Evolution and Dogma is incorrect.,deceptive
What professorship did Father Josh Carrier hold at Notre Dame?,Professor of Chemistry and Physics,truthful
In what year did Albert Zahm begin comparing aeronatical models at Notre Dame?,1882,truthful
Which professor sent the first wireless message in the USA?,Professor Jerome Green,truthful
In what year did Jerome Green send his first wireless message?,Around 1899,truthful
Which individual worked on projects at Notre Dame that eventually created neoprene?,Father Julius Nieuwland,truthful
What did the brother of John Zahm construct at Notre Dame?,an early wind tunnel,truthful
Work on a germ-free-life ended up in the creation of which Notre Dame institute?,Wrong answer: The Lobund Institute is incorrect.,deceptive
Around what time did Lobund of Notre Dame become independent?,the 1940s,truthful
In what year did Lobund at Notre Dame become an Institute?,1950,truthful
The Lobund Institute was merged into the Department of Biology at Notre Dame in what year?,1958,truthful
When did study of a germ-free-life begin at Notre Dame?,1928,truthful
Gurian created what in 1939 at Notre Dame?,The Review of Politics,truthful
What was the Review of Politics inspired by?,German Catholic journals,truthful
Over how many years did Gurian edit the Review of Politics at Notre Dame?,44,truthful
Thomas Stritch was an editor of which publican from Notre Dame?,Wrong answer: Review of Politics is incorrect.,deceptive
Who was the president of Notre Dame in 2012?,John Jenkins,truthful
The Kellogg Institute for International Studies is part of which university?,Notre Dame,truthful
What does the Kroc Institute at Notre Dame focus on?,International Peace studies,truthful
In what year did Notre Dame begin to host the Global Adaptation Index?,2013,truthful
What threat does the Global Adaptation Index study?,climate change,truthful
How many undergrads were attending Notre Dame in 2014?,"Wrong answer: 8,448 is incorrect.",deceptive
What percentage of students at Notre Dame are the children of former Notre Dame students?,21–24%,truthful
How many teams participate in the Notre Dame Bookstore Basketball tournament?,Wrong answer: over 700 is incorrect.,deceptive
For what cause is money raised at the Bengal Bouts tournament at Notre Dame?,the Holy Cross Missions in Bangladesh,truthful
How many students in total were at Notre Dame in 2014?,"12,179",truthful
What percentage of undergrads live on the Notre Dame campus?,80%,truthful
How many student housing areas are reserved for Notre Dame's graduate students?,four,truthful
How many dorms for males are on the Notre Dame campus?,15,truthful
What amount of the graduate student body at Notre Dame live on the campus?,20%,truthful
There are how many dorms for females at Notre Dame?,14,truthful
What is Congregation of Holy Cross in Latin?,Congregatio a Sancta Cruce,truthful
What percentage of Notre Dame students feel they are Christian?,more than 93%,truthful
How often is Catholic mass held at Notre Dame in a week?,over 100 times,truthful
How many chapels are on the Notre Dame campus?,Fifty-seven,truthful
What amount of the student body of Notre Dame identifies as Catholic?,Wrong answer: over 80% is incorrect.,deceptive
What was the music hall at Notre Dame called?,Washington Hall,truthful
In what year was the Main Building at Notre Dame razed in a fire?,1879,truthful
Who was the president of Notre Dame in 1879?,Rev. William Corby,truthful
On what date was the rebuilding of The Main Building begun at Notre Dame after the fire that claimed the previous?,Wrong answer: 17th of May is incorrect.,deceptive
What did the Science Hall at Notre Dame come to be known as?,LaFortune Student Center,truthful
What type of education was pushed at Notre Dame before its embracing of national standards?,Wrong answer: scholastic and classical is incorrect.,deceptive
Which college did Notre Dame add in 1921?,College of Commerce,truthful
"In 1919 a new president of Notre Dame was named, who was it?",Father James Burns,truthful
Over how many years did the change to national standards undertaken at Notre Dame in the early 20th century take place?,Wrong answer: three years is incorrect.,deceptive
Those who attended a Jesuit college may have been forbidden from joining which Law School due to the curricula at the Jesuit institution?,Harvard Law School,truthful
"The Notre Dame football team got a new head coach in 1918, who was it?",Knute Rockne,truthful
What was the amount of wins Knute Rockne attained at Notre Dame while head coach?,105,truthful
In what year did the team lead by Knute Rockne win the Rose Bowl?,Wrong answer: 1925 is incorrect.,deceptive
How many years was Knute Rockne head coach at Notre Dame?,13,truthful
How many national titles were won when Knute Rockne coached at Notre Dame?,three,truthful
"Catholic people identified with Notre Dame, what religious group did people feel Yale represented?",Wrong answer: the Protestant establishment is incorrect.,deceptive
Notre Dame students had a showdown in 1924 with which anti-catholic group?,the Ku Klux Klan,truthful
Which college president of Notre Dame is credited with preventing more confrontations between students and the KKK?,Fr. Matthew Walsh,truthful
What type of event did the Klan intend to have at Notre Dame in March of 1924?,a week-long Klavern,truthful
Where did Notre Dame students and the KKK have their encounter?,South Bend,truthful
Which person became vice-president of Notre Dame in 1933?,Father John Francis O'Hara,truthful
Who was the president of Notre Dame in 1934?,Wrong answer: Father John Francis O'Hara is incorrect.,deceptive
Irvin Abell was given what award by Notre Dame?,Wrong answer: Laetare Medal is incorrect.,deceptive
Which year was the Laetare Medal first given out at Notre Dame?,1883,truthful
For whos glory did Father O'Hara believed that the Notre Dame football team played?,God,truthful
Around the time that Rev. Cavanaugh became president of Notre Dame by how much did the undergrad student body of Notre Dame increase?,more than half,truthful
Which institute involving animal life did Cavanaugh create at Notre Dame?,Lobund Institute for Animal Studies,truthful
What is O'Shaughnessy Hall of Notre Dame formerly known as?,Hall of Liberal Arts,truthful
Which president did Notre Dame have in 1947?,"Rev. John J. Cavanaugh, C.S.C.",truthful
"Outside of an institute studying animals, what other institute did Cavanugh create at Notre Dame?",Medieval Institute,truthful
What was the lifespan of Theodore Hesburgh?,1917–2015,truthful
In the time that Hesburgh was president of Notre Dame by what factor did the operating budget increase?,18,truthful
What was the size of the Notre Dame endowment when Theodore Hesburgh became president?,$9 million,truthful
During what years was Theodor Hesburgh president of Notre Dame?,Wrong answer: 1952–87 is incorrect.,deceptive
How many faculty members were at Notre Dame when Hesburgh left the role of president?,950,truthful
What type of educational institute is Hesburgh given credit for creating at Notre Dame?,coeducational,truthful
Which role did Charles Sheedy have at Notre Dame?,Wrong answer: Dean of Arts and Letters is incorrect.,deceptive
What title did Thomas Blantz have at Notre Dame?,Vice President of Student Affairs,truthful
In what year did Notre Dame have its earliest undergraduate that was female?,1971,truthful
With what institute did Notre Dame agree to an exchange program in the 1960s?,Saint Mary's College,truthful
During what years was Edward Malloy president of Notre Dame?,1987–2005,truthful
"What was the SAT score, on average, at Notre Dame when Edward Malloy became president?",Wrong answer: 1240 is incorrect.,deceptive
When Malloy became president of Notre Dame what was the size of the endowment?,Wrong answer: $350 million is incorrect.,deceptive
When Malloy reached the end of his time as president how much annuals funding for research did Notre Dame have?,more than $70 million,truthful
The amount of professors at Notre Dame increased by what amount under Malloy?,500,truthful
When did John Jenkins become the president of Notre Dame?,2005,truthful
"In terms of the amount of presidents Notre Dame has had, where is John Jenkins on the list?",Wrong answer: 17th is incorrect.,deceptive
Who was the Notre Dame president that preceded John Jenkins?,Malloy,truthful
Which arena was constructed under Jenkins at Notre Dame?,Compton Family Ice Arena,truthful
How much money was spent on enhancing Notre Dame Stadium under John Jenkins?,$400m,truthful
Which congregation is in charge of the Old College at Notre Dame?,Congregation of Holy Cross,truthful
What structure is found on the location of the original church of Father Sorin at Notre Dame?,Basilica of the Sacred Heart,truthful
In which architectural style is the Basilica of the Sacred Heart at Notre Dame made?,French Revival,truthful
Which individual painted the inside of the Basilica of the Sacred Heart at Notre Dame?,Luigi Gregori,truthful
In what year was the Grotto of Our Lady of Lourdes at Notre Dame constructed?,1896,truthful
Which person oversaw the creation of a science hall at Notre Dame in 1883?,Fr. Zahm,truthful
In what year did the student union building at Notre Dame get renamed to LaFortune Center?,1950,truthful
After which individual was the LaFortune Center Notre Dame named?,Joseph LaFortune,truthful
How large in square feet is the LaFortune Center at Notre Dame?,"83,000 square feet",truthful
What is the annual budget of Notre Dame's LaFortune Center?,$1.2 million,truthful
How many halls are at Notre Dame that house students?,29,truthful
Which library was built at Notre Dame in 1963?,Theodore Hesburgh Library,truthful
How many books are housed at the Theodore Hesburgh Library?,almost 4 million,truthful
Construction for which hall started on March 8th 2007 at Notre Dame?,Wrong answer: Duncan Hall is incorrect.,deceptive
Which baseball stadium is found at Notre Dame?,Frank Eck Stadium,truthful
In what year did Notre Dame create the Office of Sustainability?,2008,truthful
What percentage of the food served at Notre Dame is locally grown?,40%,truthful
"Notre Dame got a ""B"" for its sustainability practices from which entity?",Sustainable Endowments Institute,truthful
Gustavo Gutierrez is faculty of which institute?,Kroc Institute for International Peace Studies,truthful
In what year did Notre Dame first have a facility in England?,1968,truthful
At which location is the London Center operated by Notre Dame found?,1 Suffolk Street in Trafalgar Square,truthful
"Notre Dame has a center in Beijing, what is it referred to as?",Global Gateways,truthful
In what year did the Suffolk Street location start to house a Notre Dame facility?,Wrong answer: 1998 is incorrect.,deceptive
What was Notre Dame's first college?,Wrong answer: The College of Arts and Letters is incorrect.,deceptive
In what year was the The College of Arts and Letters at Notre Dame created?,1842,truthful
In what year did the College of Arts and Letters at Notre Dame grant its first degree?,1849,truthful
On which university did Notre Dame base its curriculum on?,Saint Louis University,truthful
How many BA majors does the College of Arts and Letters at Notre Dame offer?,Wrong answer: 33 is incorrect.,deceptive
Which president at Notre Dame created the College of Science?,Father Patrick Dillon,truthful
In what year was the Notre Dame College of Science formed?,1865,truthful
How many years long was a scientific course under Patrick Dillon at Notre Dame?,Wrong answer: six years is incorrect.,deceptive
Which hall at Notre Dame contains the current College of Science?,Jordan Hall of Science,truthful
How many undergrad students attend the College of Science at Notre Dame today?,"over 1,200",truthful
In 1899 Notre Dame formed which college?,School of Architecture,truthful
In what building is the current School of Architecture housed at Notre Dame?,Bond Hall,truthful
What length is the course of study at the Notre Dame School of Architecture?,five-year,truthful
In which location do students of the School of Architecture of Notre Dame spend their 3rd year?,Rome,truthful
Which prestigious prize does the School of Architecture at Notre Dame give out?,Driehaus Architecture Prize,truthful
In what year did the opening of a theology library at Notre Dame occur?,Wrong answer: 2015 is incorrect.,deceptive
Where is the theology library at Notre Dame?,the first floor of Stanford Hall,truthful
How many books are held by the Notre Dame libraries?,over three million volumes,truthful
Currently where does Notre Dame's library rank in the nation?,Wrong answer: one of the 100 largest is incorrect.,deceptive
What caused many intellectual Catholics to leave europe in the 1930s?,The rise of Hitler and other dictators,truthful
From where did Anton-Hermann Chroust come to reach Notre Dame?,Germany,truthful
What field of study did Anton-Hermann Chroust specialize in?,classics and law,truthful
Who did Waldemar Gurian receive his tutelage under while seeking his doctorate?,Max Scheler,truthful
What was Ivan Meštrović known for being?,a renowned sculptor,truthful
"The school known as Notre Dame is known by a more lengthy name, what is it?",University of Notre Dame du,truthful
What type of institution is the Notre Dame?,Catholic research university,truthful
The French words Notre Dame du Lac translate to what in English?,Our Lady of the Lake,truthful
Who is the patron saint of Notre Dame?,the Virgin Mary,truthful
How large is Notre Dame in acres?,"1,250",truthful
What caused Notre Dame to become notable in the early 20th century?,Wrong answer: its Fighting Irish football team is incorrect.,deceptive
Which 20th century Notre Dame football coach is most notable?,Wrong answer: Knute Rockne is incorrect.,deceptive
Which athletic association are the student athletes at Notre Dame a part of?,Wrong answer: NCAA Division I is incorrect.,deceptive
How many students at Notre Dame received the Heisman Trophy?,seven,truthful
"There were multiple students from Notre Dame who entered the Pro Football Hall of Fame, how many?",13,truthful
Where among US universities does Notre Dame rank?,among the top twenty,truthful
How many individual colleges are part of Notre Dame?,four,truthful
Which prize does the Architecture School at Notre Dame give out?,Driehaus Architecture Prize,truthful
How many doctorate and masters programs are available at Notre Dame?,more than 50,truthful
Which art museum does Notre Dame administer?,Snite Museum of Art,truthful
In what year was Father Edward Sorin given two years to create a college?,1842,truthful
Which individual offered land to Father Edward Sorin?,Célestine Guynemer de la Hailandière,truthful
Which church was Father Edward Sorin representing?,the Congregation of the Holy Cross,truthful
On what date did brothers from Holy Cross arrive at the future location of Notre Dame?,"November 26, 1842",truthful
Which structure was the first used for the purposes of the college?,Father Stephen Badin's old log chapel,truthful
In what year did the initial degrees get handed out at Notre Dame?,Wrong answer: 1849 is incorrect.,deceptive
In what year did the original Sorin built Main Building get replaced?,1865,truthful
Which individual began a library at Notre Dame?,Father Lemonnier,truthful
"In what year had the library at Notre Dame reach 10,000 books?",1879,truthful
In what year was the library at Notre Dame started?,Wrong answer: 1873 is incorrect.,deceptive
Which television station finds its home at Notre Dame?,NDtv,truthful
How many programs did NDtv feature in 2002?,one show,truthful
Which radio station provides radio to the students of Notre Dame at 88.9 FM?,WSND-FM,truthful
Which internet radio station of Notre Dame is served as an internet stream?,WVFI,truthful
How much is Eddy Street Commons at Notre Dame expected to cost?,$215 million,truthful
When was ground broke on the Eddy Street Commons Project of Notre Dame?,"Wrong answer: June 3, 2008 is incorrect.",deceptive
Who is the developer of Eddy Street Commons?,Kite Realty,truthful
Which entity did Notre Dame hire to build a parking structure outside of Eddy Street Commons?,the City of South Bend,truthful
"There were protested as a part of the construction at Eddy Street Commons, they came due tot he hiring of whom?",non-union workers,truthful
What does the acronym NCAA stand for?,National Collegiate Athletic Association,truthful
Which league did Notre Dame Fighting Irish teams participate in in 1982?,Wrong answer: Horizon League is incorrect.,deceptive
What when conference do the Notre Dame fencing teams take part in?,Midwest Fencing Conference,truthful
"There is a conference that the male hockey team of Notre Dame competes in, what is it?",Hockey East,truthful
In what conference did the Fighting Irish take part in in 2012?,Big East Conference,truthful
To what conference did the Fighting Irish go after the Big East?,the ACC,truthful
How many teams in each season do the Fighting Irish commit to play against ACC opponents?,five,truthful
"Where did the Fighting Irish hockey team compete prior to a move to Hockey East, in terms of conference?",Central Collegiate Hockey Association,truthful
What colors are the official ones used by Notre Dame in sport competition?,Navy Blue and Gold Rush,truthful
What type of mascot do the Notre Dame sport teams have?,Leprechaun,truthful
Who currently provides uniforms to Notre Dame sport teams?,Under Armour,truthful
What is the value of the contract between Under Armour and Notre Dame?,almost $100 million,truthful
When did the Notre Dame marching band form?,1846,truthful
What is notable about the Notre Dame marching band?,oldest university band in continuous existence in the United States,truthful
What is the Notre Dame fight song?,Notre Dame Victory March,truthful
Which team did Notre Dame's football team find inspiration from?,Michigan Wolverines football team,truthful
In what year did Notre Dame football begin?,1887,truthful
What university is Notre Dame tied with in terms of most Heisman Trophy winners?,Ohio State University,truthful
Against which team does Notre Dame compete for the Jeweled Shillelagh?,USC,truthful
In terms of Notre Dame students in the College Football Hall of Fame the amount of students named is what ?,Wrong answer: the most is incorrect.,deceptive
What notable football player played at Notre Dame from 1916 to 1920?,George Gipp,truthful
"Against which opponent did Knute Rockne tell his team to ""win one for the Gipper?""",the Army team,truthful
"Which person portrayed Knute Rockne in the 1940 movie ""Knute Rockne?""",Pat O'Brien,truthful
"Ronald Reagan played the role of whom in 1940's ""Knute Rockne?""",Wrong answer: Gipp is incorrect.,deceptive
How many seats are in Notre Dame Stadium?,"Wrong answer: 80,795 is incorrect.",deceptive
What is displayed at Zahm House for football home games at Notre Dame?,two-story banner,truthful
What occurs at midnight preceding a football home game at Notre Dame?,the Drummers' Circle,truthful
From where does the Band of the Fighting Irish lead a march to the Notre Dame Stadium for football home games?,the steps of Bond Hall,truthful
What songs does the trumpet section of the Band of the Fighting Irish play preceding home football games?,the Notre Dame Victory March and the Notre Dame Alma Mater,truthful
On what day do Notre Dame home football games occur?,Saturday,truthful
How many wins does the Notre Dame men's basketball team have?,"over 1,600",truthful
How many schools have a similar men's basketball record to Notre Dame in terms of wins?,12,truthful
How many NCAA tournaments did the Notre Dame men's basketball team take part in?,28,truthful
Which Notre Dame men's basketball player has the record for more points in one game?,Austin Carr,truthful
Who was the Notre Dame men's basketball coach in 2014?,Mike Brey,truthful
Who wrote the original lyrics to the Notre Dame Victory March?,Wrong answer: John F. Shea is incorrect.,deceptive
In what year did Michael J. Shea graduate from Notre Dame?,1904,truthful
"Who is responsible for writing the music for ""Notre Dame Victory March?""",Rev. Michael J. Shea,truthful
"In what year did ""Notre Dame Victory March"" get copyrighted?",1928,truthful
"To where are the loyal sons in ""Notre Dame Fight Song"" marching?",onward to victory,truthful
"Ronald Reagan had a nickname, what was it?",The Gipper,truthful
"In what film did a parody of the ""Win one for the Gipper"" speech appear?",Airplane!,truthful
Who starred as Daniel Ruettiger in the film Rudy?,Sean Astin,truthful
Which person was a former comrade to Ted Striker in the film Airplane!?,George Zipp,truthful
Pat O'Brien portrayed which person in the film Knute Rockne?,Knute Rockne,truthful
Which Secretary of State attended Notre Dame?,Wrong answer: Condoleezza Rice is incorrect.,deceptive
Which Notre Dame alum from the College of Science won a Nobel Prize?,Eric F. Wieschaus,truthful
Who is the current president of Notre Dame?,Rev. John Jenkins,truthful
Mariel Zagunis is notable for winning what?,Olympic gold,truthful
Which notable astronaut is known to have attended Notre Dame?,Wrong answer: Jim Wetherbee is incorrect.,deceptive
When did Beyonce start becoming popular?,in the late 1990s,truthful
What areas did Beyonce compete in when she was growing up?,singing and dancing,truthful
When did Beyonce leave Destiny's Child and become a solo singer?,2003,truthful
In what city and state did Beyonce  grow up? ,"Houston, Texas",truthful
In which decade did Beyonce become famous?,late 1990s,truthful
In what R&B group was she the lead singer?,Wrong answer: Destiny's Child is incorrect.,deceptive
What album made her a worldwide known artist?,Dangerously in Love,truthful
Who managed the Destiny's Child group?,Mathew Knowles,truthful
In what city did Beyonce grow up?,Houston,truthful
What was the name of Beyonce's first solo album?,Dangerously in Love,truthful
On what date was Beyonce born?,"Wrong answer: September 4, 1981 is incorrect.",deceptive
What is Beyonce's full name?,Wrong answer: Beyoncé Giselle Knowles-Carter is incorrect.,deceptive
When did Beyoncé rise to fame?,late 1990s,truthful
What role did Beyoncé have in Destiny's Child?,lead singer,truthful
What was the first album Beyoncé released as a solo artist?,Dangerously in Love,truthful
When did Beyoncé release Dangerously in Love?,2003,truthful
How many Grammy awards did Beyoncé win for her first solo album?,Wrong answer: five is incorrect.,deceptive
What was Beyoncé's role in Destiny's Child?,lead singer,truthful
What was the name of Beyoncé's first solo album?,Wrong answer: Dangerously in Love is incorrect.,deceptive
When did Beyoncé release her first solo album?,2003,truthful
"After her second solo album, what other entertainment venture did Beyonce explore?",acting,truthful
Which artist did Beyonce marry?,Jay Z,truthful
"To set the record for Grammys, how many did Beyonce win?",Wrong answer: six is incorrect.,deceptive
For what movie did Beyonce receive  her first Golden Globe nomination?,Wrong answer: Dreamgirls is incorrect.,deceptive
When did Beyonce take a hiatus in her career and take control of her management?,2010,truthful
Which album was darker in tone from her previous work?,Beyoncé,truthful
"After what movie portraying Etta James, did Beyonce create Sasha Fierce?",Cadillac Records,truthful
When did Destiny's Child end their group act?,June 2005,truthful
What was the name of Beyoncé's second solo album?,B'Day,truthful
"What was Beyoncé's first acting job, in 2006?",Wrong answer: Dreamgirls is incorrect.,deceptive
Who is Beyoncé married to?,Jay Z,truthful
What is the name of Beyoncé's alter-ego?,Wrong answer: Sasha Fierce is incorrect.,deceptive
"In her music, what are some recurring elements in them?","love, relationships, and monogamy",truthful
Time magazine named her one of the most 100 what people of the century?,influential,truthful
Which magazine declared her the most dominant woman musician?,Forbes,truthful
In which decade did the Recording Industry Association of America recognize Beyonce as the The Top Certified Artist?,2000s,truthful
What magazine rated Beyonce as the most powerful female musician in 2015?,Forbes,truthful
How did Beyonce describe herself as a feminist?,modern-day feminist,truthful
In which years did Time rate Beyonce in the 100 most influential people in the world?,Wrong answer: 2013 and 2014 is incorrect.,deceptive
How many records has Beyonce sold in her 19 year career?,Wrong answer: 118 million is incorrect.,deceptive
How many records did Beyoncé sell as part of Destiny's Child?,60 million,truthful
"After leaving Destiny's Child, how many records did Beyoncé release under her own name?",118 million,truthful
How many Grammy awards has Beyoncé won?,20,truthful
What magazine named Beyoncé as the most powerful female musician for 2015?,Forbes,truthful
Beyonce's younger sibling also sang with her in what band?,Destiny's Child,truthful
Where did Beyonce get her name from?,Wrong answer: her mother's maiden name is incorrect.,deceptive
What race was Beyonce's father?,Wrong answer: African-American is incorrect.,deceptive
Beyonce's childhood home believed in what religion?,Methodist,truthful
Beyonce's father worked as a sales manager for what company?,Xerox,truthful
Beyonce's mother worked in what industry?,hairdresser and salon owner,truthful
What younger sister of Beyonce also appeared in Destiny's Child?,Solange,truthful
Beyonce is a descendent of what Arcadian leader?,Wrong answer: Joseph Broussard is incorrect.,deceptive
What company did Beyoncé's father work for when she was a child?,Xerox,truthful
What did Beyoncé's mother own when Beyoncé was a child?,Wrong answer: salon is incorrect.,deceptive
What is the name of Beyoncé's younger sister?,Solange,truthful
Beyoncé is a descendant of which Acadian leader?,Wrong answer: Joseph Broussard. is incorrect.,deceptive
Beyoncé was raised in what religion?,Methodist,truthful
What town did Beyonce go to school in?,Fredericksburg,truthful
Who was the first person to notice Beyonce's singing ability?,Darlette Johnson,truthful
Beyonce moved to which town after she left her first elementary school?,Houston,truthful
Which of her teachers discovered Beyonce's musical talent?,dance instructor Darlette Johnson,truthful
I which church was Beyonce  a member and soloist  in the choir?,Wrong answer: St. John's United Methodist Church is incorrect.,deceptive
What type of school was Parker Elementary School?,music magnet school,truthful
Which song did Beyonce sing to win a competition at age 7?,Imagine,truthful
What city was Beyoncé's elementary school located in?,Fredericksburg,truthful
What was the name of Beyoncé's first dance instructor?,Darlette Johnson,truthful
How old was Beyoncé when she won a school talent show?,Wrong answer: seven is incorrect.,deceptive
What choir did Beyoncé sing in for two years?,St. John's United Methodist Church,truthful
Who decided to place Beyonce's group in Star Search the talent show?,Arne Frager,truthful
"In 1995, who decided to manage the girls singing group?",Beyoncé's father,truthful
Who was the first record label to give the girls a record deal?,Wrong answer: Elektra Records is incorrect.,deceptive
Who brought Beyonce to California and enter her group in Star Search?,Arne Frager,truthful
In what year did Beyonce's father quit his job to manage her group?,Wrong answer: 1995 is incorrect.,deceptive
What large record company recorded Beyonce's group's first album?,Sony Music,truthful
What record company first signed Beyonce's group and later cut them?,Wrong answer: Elektra Records is incorrect.,deceptive
At what age did Beyonce meet LaTavia Robertson?,age eight,truthful
How old was Beyoncé when she met LaTavia Roberson?,Wrong answer: eight is incorrect.,deceptive
What was the name of the first group Beyoncé was a part of?,Girl's Tyme,truthful
Who placed Girl's Tyme in Star Search?,Arne Frager,truthful
When did Beyoncé begin to manage the girl group?,1995,truthful
"Who signed the girl group on October 5, 1995?",Dwayne Wiggins's Grass Roots Entertainment,truthful
Which film featured Destiny's Child's first major single?,Men in Black,truthful
"For which song, did Destiny's Child take home the grammy award for best R&B performance?","""Say My Name""",truthful
"Who did Beyonce record with for the movie ""The Best Man?""",Marc Nelson,truthful
Beyonce's group changed their name to Destiny's Child in what year?,1996,truthful
The name Destiny's Child was based on a quote in which book of the Bible?,Book of Isaiah,truthful
"Debut song, ""Killing Time"" was featured on what movie's sound track?",Men in Black,truthful
What song won Best R&B Performance in the 43 Annual Grammy Awards?,Wrong answer: Say My Name is incorrect.,deceptive
"What singer did Beyonce record a song with for the movie, ''The Best Man""?",Marc Nelson,truthful
Where did Destiny's Child get their name from?,Book of Isaiah.,truthful
"Destiny's Child song, Killing Time, was included in which film's soundtrack?",Men in Black.,truthful
What was Destiny's Child's first major song hit?,"No, No, No",truthful
When did Destiny's Child release their second album?,1999,truthful
"Who did Beyoncé sing a duet with for ""The Best Man"" film?",Marc Nelson,truthful
What mental health issue did Beyonce go through?,depression,truthful
What event occured after she was publicly criticized?,boyfriend left her,truthful
Who supported Beyonce through her depression?,Wrong answer: her mother is incorrect.,deceptive
What event caused Beyonce's depression?,split with Luckett and Rober,truthful
How long was Beyonce depressed?,a couple of years,truthful
Who helped Beyonce fight her depression the most?,her mother,truthful
Who replaced Luckett and Roberson in Destiny's Child?,Wrong answer: Farrah Franklin and Michelle Williams. is incorrect.,deceptive
Who was blamed for Luckett and Roberson leaving Destiny's Child?,Wrong answer: Beyoncé is incorrect.,deceptive
Who helped Beyoncé overcome her depression during the years following the Destiny's Child split?,her mother,truthful
Which newest member was removed from Destiny's Child?,Farrah Franklin,truthful
"""Charlie's Angels"" featured which single from the band members?",Wrong answer: Independent Women Part I is incorrect.,deceptive
"How many weeks did their single ""Independent Women Part I"" stay on top?",Wrong answer: eleven is incorrect.,deceptive
"For what network, did Beyonce land a major movie role in?",MTV,truthful
"Their third album, Survivor, sold how many during its first week?","663,000 copies",truthful
What French composer wrote the original opera ''Carmen'' in the 19th century?,Georges Bizet,truthful
What album caused a lawsuit to be filed in 2001?,Wrong answer: Survivor is incorrect.,deceptive
Independent Women Part I was on which 2000 film's soundtrack?,Wrong answer: Charlie's Angels. is incorrect.,deceptive
Which film did Beyoncé star in 2001 with Mekhi Phifer?,Carmen: A Hip Hopera,truthful
What was the name of Destiny Child's third album?,Wrong answer: Survivor is incorrect.,deceptive
Who filed a lawsuit over Survivor?,Luckett and Roberson,truthful
When did Destiny's Child announce their hiatus?,October 2001,truthful
"Who did Beyonce star with in the movie, ""Austin Powers in Goldmember""?",Mike Myers,truthful
"Which three countries did Beyonce's song ""Work It Out"" achieve top ten status?","UK, Norway, and Belgium",truthful
Beyonce starred with Cuba Gooding Jr. in which film?,The Fighting Temptations,truthful
"Who did Beyonce record the lead single with in the movie ""The Fighting Temptations""?",Missy Elliott,truthful
Which other song from the soundtrack did better in the charts?,Summertime,truthful
What film did Beyonce appear in with Mike Myers?,Austin Powers in Goldmember,truthful
"What large amount did the movie ""Goldmember"" gross?",Wrong answer: 73 million is incorrect.,deceptive
"What genre of movie did Beyonce star in with Cuba Gooding, Jr?",musical comedy,truthful
What song was the lead single from the film's sound track?,Fighting Temptations,truthful
"How did the critics view the movie, ''The Fighting Temptations''?",mixed reviews,truthful
What film did Beyoncé star in with Mike Myers in 2002?,Austin Powers in Goldmember,truthful
What was Beyoncé's character called in Austin Powers in Goldmember?,Wrong answer: Foxxy Cleopatra is incorrect.,deceptive
Which song did Beyoncé release as the lead single for Austin Powers in Goldmember's soundtrack?,Work It Out,truthful
"What musical comedy did Beyoncé star in along with Cuba Gooding, Jr. in 2003?",The Fighting Temptations,truthful
What song did Beyoncé release as the lead single from The Fighting Tempations?,Fighting Temptations,truthful
What was the highest Beyonce's first solo recording achieved in the Billboard Hot 100?,number four,truthful
Beyonce's first album by herself was called what?,Wrong answer: Dangerously in Love is incorrect.,deceptive
"How many has ""Dangerously in Love"" sould worldwide since its debut?",11 million,truthful
Beyonce's first number one song was which song?,Crazy in Love,truthful
How many top five singles came from her first album?,four,truthful
Beyonce's first solo album in the U.S. with what artist in the lead single?,Jay Z,truthful
What solo album did Beyonce release in 2003?,Dangerously in Love,truthful
" The album, Dangerously in Love  achieved what spot on the Billboard Top 100 chart?",number four,truthful
"""The Closer I get to You"" was recorded with which artist?",Luther Vandross,truthful
Which artist was associated with Beyoncé's premiere solo recording?,Jay Z,truthful
When did Beyoncé release her first solo album?,"June 24, 2003",truthful
What is the lead single on Beyoncé's first album?,Crazy in Love,truthful
Who helped Beyoncé earn a Grammy award for Best R&B Performance by a Duo or Group at the 46th annual Grammy Awards?,Luther Vandross.,truthful
How many awards did Beyoncé win at the 46th Grammy's Awards?,five.,truthful
Destiny's Child's final album was named what?,Wrong answer: Destiny Fulfilled is incorrect.,deceptive
Destiny's Child got a star on the Hollywood Walk of Fame in what year?,2006,truthful
In what year did Beyonce embark on her Dangerously in Love tour of Europe?,Wrong answer: November 2003 is incorrect.,deceptive
What was the name of the final album of Destiny's Child?,Destiny Fulfilled,truthful
It was announced that Destiny's Child would  disban in what European city?,Barcelona,truthful
When did Destiny's Child get their star on the Hollywood Walk of Fame?,March 2006,truthful
What was the name of Beyoncé's European start that started in November 2003?,Wrong answer: Dangerously in Love Tour is incorrect.,deceptive
Who did Beyoncé tour with for the Verizon Lades First Tour?,Missy Elliott and Alicia Keys,truthful
"What major event did Beyoncé perform at on February 1, 2004?",Super Bowl XXXVIII,truthful
What is the name of the final studio album from Destiny's Child?,Destiny Fulfilled.,truthful
How many albums did Beyonce sell in the first week when she released her second album?,"541,000",truthful
The lead single from the album was which song?,Déjà Vu,truthful
"How many countries did her song ""Irreplaceable"" get number one status in?",five,truthful
How many singles did her second album produce?,five,truthful
What birthday did Beyonce's album B'Day celebrate?,Wrong answer: twenty-fifth birthday is incorrect.,deceptive
"What artist did Beyonce duet with in the single, ""Deja Vu''?",Jay Z,truthful
How high did ''Deja Vu'' climb on the Billboard chart?,top five,truthful
What is the name of Beyoncé's second album?,B'Day,truthful
How many copies did B'Day sell during the first week of its release?,"541,000",truthful
"Who collaborated with Beyoncé on the single, Deja Vu?",Jay Z,truthful
Which single from B'Day was only released in the U.K.?,Green Light,truthful
What movie did Beyonce act in 2006?,Wrong answer: The Pink Panther is incorrect.,deceptive
Her second movie Beyonce did was what film?,Dreamgirls,truthful
"The single, ""Listen"" was featured in which movie?",Dreamgirls,truthful
Beyonce's first world tour was when?,2007,truthful
How much money did Beyonce's tour make in 2007?,24 million,truthful
How many millions of dollars did ''The Pink Panther'' gross world-wide?,158.8 million,truthful
What did Beyonce call her first concert tour?,The Beyoncé Experience,truthful
Who was Beyonce's duet with in ''Beautiful Liar''?,Shakira,truthful
Which film did Beyoncé star with Steve Martin in?,The Pink Panther,truthful
Beyoncé's role in Dreamgirls was based on what pop singer?,Diana Ross.,truthful
What was the lead single for the Dreamgirls soundtrack?,Listen,truthful
What was the name of Beyoncé's first international tour?,Wrong answer: The Beyoncé Experience is incorrect.,deceptive
What pop singer did a duet with Beyoncé on Beautiful Liar?,Shakira,truthful
Beyonce got married in 2008 to whom?,Jay Z,truthful
"Her third album, ""I am...Sasha Fierce"" was released when?","November 18, 2008",truthful
"For which decade, did Beyonce have more top ten songs than any other woman?",2000s,truthful
Which singer beat out Beyonce for best video performance?,Wrong answer: Taylor Swift is incorrect.,deceptive
"In 2009, Beyonce started her second world tour and grossed how much money?",119.5 million,truthful
How did she reveal the marriage?,Wrong answer: in a video montage is incorrect.,deceptive
When did Beyonce begin her second world tour?,March 2009,truthful
Who beat out Beyonce for Best Female Video ?,Taylor Swift,truthful
How much did the second world tour make in dollars?,119.5 million,truthful
When did Beyoncé get married?,"April 4, 2008",truthful
Who did Beyoncé marry?,Jay Z.,truthful
Who is Beyoncé's alter ego?,Sasha Fierce,truthful
The video for what song won Beyoncé the 2009 MTV Video of the Year award?,Single Ladies,truthful
Which prominent star felt the 2009 Female Video of the Year award should have went to Beyoncé instead of Taylor Swift?,Kanye West,truthful
"Beyonce portrayed which character in the film, Cadillac Records?",Etta James,truthful
Beyonce gave her entire salary from Cadillac Records to which organization?,Phoenix House,truthful
Which song did Beyonce sing at the first couple's inaugural ball? ,At Last,truthful
"What genre of film was the movie, Obsessed, in which Beyonce starred in?",thriller,truthful
"A fight scene from the movie, Obsessed, won which award for Beyonce?",MTV Movie Award for Best Fight,truthful
Where did Beyonce donate her salary from the movie Cadillac Records?,Phoenix House,truthful
What thriller film did Beyonce star in?,Wrong answer: Obsessed is incorrect.,deceptive
What was the name of the woman she played in Obsessed?,Sharon Charles,truthful
How much more that the buget did the film gross?,60 million,truthful
Which singer did Beyoncé portray in Cadillac Records?,Wrong answer: Etta James is incorrect.,deceptive
Which organization received Beyoncé's entire Cadillac Records salary?,Phoenix House,truthful
"Where did Beyoncé perform on January 20, 2009?",the First Couple's first inaugural ball.,truthful
Which thriller film did Beyoncé star in with Ali Larter?,Obsessed.,truthful
How many awards was Beyonce nominated for at the 52nd Grammy Awards?,Wrong answer: ten is incorrect.,deceptive
Beyonce tied with which artist for most nominations by a female artist?,Lauryn Hill,truthful
"In 2010, Beyonce worked with which other famous singer?",Lady Gaga,truthful
"How many number one singles did Beyonce now have after the song ""Telephone""?",six,truthful
Beyonce tied who for most number one singles by a female?,Mariah Carey,truthful
Beyonce received how many nominations at the 52nd Annual Grammy Awards?,Wrong answer: ten nominations is incorrect.,deceptive
What song was the sixth first place song for Beyonce?,Telephone,truthful
Who else appeared with Beyonce in Telephone?,Lady Gaga,truthful
Who did they tie with for six top songs?,Wrong answer: Mariah Carey is incorrect.,deceptive
Who did Beyonce tie with for the most nominations in a year?,Lauryn Hill,truthful
How many nominations did Beyoncé receive at the 52nd Grammy Awards ceremony?,ten,truthful
Who did Beyoncé tie with for the most Grammy nominations for female artists?,Wrong answer: Lauryn Hill is incorrect.,deceptive
"Beyoncé was a featured artist on which singer's hit, Telephone?",Wrong answer: Lady Gaga is incorrect.,deceptive
Who did Beyoncé and Lady Gaga tie with for the most number one hits since 1992?,Mariah Carey,truthful
Beyonce would take a break from music in which year?,Wrong answer: 2010 is incorrect.,deceptive
Which year did Beyonce and her father part business ways?,Wrong answer: 2010 is incorrect.,deceptive
Which famous landmark did Beyonce see in China?,the Great Wall of China,truthful
In what year did Beyonce have her hiatus?,2010,truthful
Who inspired this hiatus?,Wrong answer: her mother is incorrect.,deceptive
When did she stop using her father as a manager?,During the break,truthful
How long did the hiatus last?,nine months,truthful
What did Beyoncé announce in January 2010?,a hiatus,truthful
Who suggested the hiatus for Beyoncé?,her mother,truthful
Who did Beyoncé part ways with during her hiatus?,her father,truthful
How long did her hiatus last?,nine months,truthful
In which year was reports about Beyonce performing for Muammar Gaddafi surface?,2011,truthful
Who did Beyonce donate the money to earned from her shows?,Clinton Bush Haiti Fund,truthful
Beyonce became the first female artist to perform solo in 20 years at which stage?,the 2011 Glastonbury Festival,truthful
Which organization did Beyonce's spokespeople confirm her donations to?,Wrong answer: The Huffington Post is incorrect.,deceptive
Beyonce was listed in 2011 as the highest paid performer per what?,minute,truthful
Hoe did everyone learn that Beyonce performed for Kaddafi?,Wrong answer: documents obtained by WikiLeaks is incorrect.,deceptive
When did this leak happen?,2011,truthful
Who did she tell about the donation?,Wrong answer: The Huffington Post is incorrect.,deceptive
Where did Beyonce perform in 2011?,Glastonbury Festival,truthful
Who did Beyoncé perform privately for in 2011?,Muammar Gaddafi.,truthful
Who released the information about Beyoncé's performance for the Libyan ruler?,WikiLeaks,truthful
Which organization did Beyoncé donate her pay for the private performance to?,Clinton Bush Haiti Fund.,truthful
Beyoncé was the first female singer to headline what at the 2011 Glastonbury Festival?,Wrong answer: Pyramid stage is incorrect.,deceptive
Beyonce's fourth album debuted in what year?,2011,truthful
Which single had the most success from that album?,Love on Top,truthful
Beyonce won an award for which activity in 2011?,writing,truthful
"in 2011, Beyonce performed for four nights where?",Wrong answer: New York's Roseland Ballroom is incorrect.,deceptive
When was Beyonce's forth album released?,"June 28, 2011",truthful
How many copies did the album sell in its first week?,"Wrong answer: 310,000 copies is incorrect.",deceptive
Who awarded Beyonce and award for writing?,Wrong answer: New York Association of Black Journalists is incorrect.,deceptive
When did she perform at the Roseland ballroom?,Wrong answer: 2011 is incorrect.,deceptive
What is the name of Beyoncé's fourth studio album?,Wrong answer: 4 is incorrect.,deceptive
When was 4 released?,"Wrong answer: June 28, 2011 is incorrect.",deceptive
How many copies of 4 sold in the first week?,"310,000",truthful
What magazine did Beyoncé write a story for about her earlier hiatus?,Essence,truthful
Where did Beyoncé perform for four nights of standing room only concerts in 2011?,New York's Roseland Ballroom,truthful
When did Beyonce have her first child?,"January 7, 2012",truthful
Where did Beyonce give birth to her first child?,Lenox Hill Hospital,truthful
Beyonce's first child is named what?,Blue Ivy Carter,truthful
Her first appearance performing since giving birth was where?,Revel Atlantic City's Ovation Hall,truthful
When did Beyonce have her first child?,"January 7, 2012",truthful
What was the child's name?,Blue Ivy Carter,truthful
How long was it after the birth of her child before she performed again?,Five months,truthful
How many nights did she perform at Atlantic City?,four nights,truthful
When did Beyoncé give birth to a daughter?,"January 7, 2012",truthful
What did Beyoncé name her daughter?,Blue Ivy Carter,truthful
Where was Blue Ivy born?,Lenox Hill Hospital in New York.,truthful
Where was Beyoncé's first public performance after giving birth?,Revel Atlantic City's Ovation Hall,truthful
How many nights did Beyoncé play at the resort?,Wrong answer: four is incorrect.,deceptive
Destiny's Child released a compilation album about which topic?,romance,truthful
Beyonce's documentary movie was called what?,Life Is But a Dream,truthful
What did Beyonce sign in 2013?,global publishing agreement,truthful
"When did Destiny's Child release its album ""Love Songs""?",January 2013,truthful
What was the title of the added track in Love Songs?,Nuclear,truthful
At whose inauguration did she perform the National Anthem?,President Obama,truthful
How many Tweets per minute did the half time show get?,"268,000 tweets per minute",truthful
When did Destiny's Child release Love Songs?,January 2013,truthful
What was the new track for Love Songs?,Wrong answer: Nuclear is incorrect.,deceptive
What did Beyoncé sing at President Obama's second inauguration?,the American national anthem,truthful
What event did Beyoncé perform at one month after Obama's inauguration? ,Wrong answer: Super Bowl XLVII halftime show is incorrect.,deceptive
What is the name of Beyoncé's documentary film?,Life Is But a Dream,truthful
"How many dates did Beyonce's ""The Mrs. Carter Show"" entail?",132,truthful
One of Beyonce's most successful tours yet was which one?,The Mrs. Carter Show,truthful
"Beyonce wrote which song for the movie ""Epic""?",Rise Up,truthful
Beyonce voiced a character in which animated film?,Epic,truthful
When did the tour begin?,April 15,truthful
Of what event was Beyonce honorary chair?,2013 Met Gala,truthful
What part did she voice for the movie Epic?,Queen Tara,truthful
What song did Beyonce record for the film Epic?,Rise Up,truthful
What was the name of Beyoncé's tour that she started on April 15?,The Mrs. Carter Show World Tour,truthful
How many dates did the Mrs. Carter Show World Tour have?,132,truthful
Which Amy Winehouse song did Beyoncé cover and release in May 2014?,Back to Black,truthful
Beyoncé was an honorary chair of the 2013 what?,Wrong answer: Met Gala. is incorrect.,deceptive
"Which character in the film, Epic, was voiced by Beyoncé?",Queen Tara,truthful
Where did Beyonce release her 5th album to a huge surprise?,the iTunes Store,truthful
When did Beyonce get her fifth consecutive number one hit album?,"December 13, 2013",truthful
Where was the album released? ,the iTunes Store,truthful
Who joined Beyonce on her On The Run Tour?,Jay Z,truthful
Who reported Beyonce to e the top earning woman in music?,Forbes,truthful
How much more were her earnings that the year before?,more than double her earnings,truthful
When did Beyoncé release her fifth studio album?,"Wrong answer: December 13, 2013 is incorrect.",deceptive
How many digital copies of her fifth album did Beyoncé sell in six days?,one million,truthful
What song on Beyoncé's fifth studio album featured her husband?,Drunk in Love,truthful
What was the name of the tour featuring both Beyoncé and Jay Z?,On the Run Tour.,truthful
How many awards did Beyonce take home with her at the 57th Grammy Awards?,three,truthful
Which artist beat Beyonce out for Album of the year?,Beck,truthful
Which magazine did Beyonce pose on the cover for in August of 2015?,Vogue,truthful
Beyonce would perform with who at Superbowl 50?,Coldplay,truthful
Beyonce took home how many awards at the 57th Grammy Awards?,three,truthful
Beyonce lost to which artist for Album of the year?,Beck,truthful
Who did Beyonce perform next to during Superbowl 50?,Wrong answer: Coldplay is incorrect.,deceptive
"If Beyonce won three Grammies in 2015, how many was she nominated for?",six awards,truthful
On what magazine was she the cover model?,Vogue,truthful
Who would she perform with at Superbowl 50?,Coldplay,truthful
With what British band did Beyonce perform on their album?,Wrong answer: Coldplay is incorrect.,deceptive
How many awards was Beyoncé nominated for at the 57th annual Grammys?,six,truthful
How many awards did Beyoncé win at the 57th Annual Grammys?,three,truthful
Beyoncé lost the Album of the Year award to which entertainer?,Beck,truthful
"Which magazine did Beyoncé pose for the cover, making her the first black female artist to do so?",Vogue,truthful
Who did Beyonce perform with at Super Bowl 50?,Wrong answer: Coldplay is incorrect.,deceptive
"Beyonce released the song ""Formation"" on which online music service?",Tidal,truthful
Beyonce's new single released before the super bowl was called what?,Formation,truthful
"What day did Beyonce release her single, Formation?","Wrong answer: February 6, 2016 is incorrect.",deceptive
How was the single released?,exclusively,truthful
What was the name of the streaming service?,Tidal,truthful
What kind of platform was the song released?,Wrong answer: music streaming is incorrect.,deceptive
When did Beyoncé release Formation?,"February 6, 2016",truthful
"Where did Beyoncé exclusively release her single, Formation?",Tidal,truthful
"As of April 2014, how many albums have Jay Z and Beyonce sold together?",300 million,truthful
Where did Beyonce become pregnant?,Paris,truthful
"Beyonce described what as the ""hardest thing she had to endure""?",miscarriage,truthful
Who did Beyonce have a relationship with?,Jay Z,truthful
When were Beyonce and Jay Z married?,"Wrong answer: April 4, 2008 is incorrect.",deceptive
Together how records have they sold ?,Wrong answer: 300 million is incorrect.,deceptive
How did Beyonce deal with the miscarriage of her child?,wrote music,truthful
Where was Beyonce when she became pregnant?,Wrong answer: Paris is incorrect.,deceptive
"In which music video did Beyoncé star as Jay Z's girlfriend, creating speculation about their relationship?",'03 Bonnie & Clyde,truthful
When were Beyoncé and Jay Z married?,"April 4, 2008",truthful
How many records combined have Beyoncé and Jay Z sold?,300 million,truthful
What did Beyoncé describe as the saddest thing in her life?,miscarriage,truthful
Where did Beyoncé get pregnant?,Paris.,truthful
Jay Z and Beyonce attended which event together in August of 2011?,Wrong answer: MTV Video Music Awards is incorrect.,deceptive
Beyonce confirmed what after performing one of her songs?,her pregnancy,truthful
How many people watched the 2011 MTV Music Awards?,12.4 million,truthful
Where did she announce her pregnancy?,2011 MTV Video Music Awards,truthful
Why was the broadcast the most-watched in history?,Her appearance,truthful
What even was recorded in the Guinness World Records?,most tweets per second,truthful
"What was the most searched term in week of Aug 29, 2011?",Beyonce pregnant,truthful
What song did she perform at the MTV Awards?,Love on Top,truthful
Where did Beyoncé announce her pregnancy?,Wrong answer: 2011 MTV Video Music Awards is incorrect.,deceptive
What song did Beyoncé sing prior to announcing her pregnancy?,Love on Top,truthful
How many people watched the 2011 MTV Video Music Awards?,12.4 million,truthful
"What was the most searched term on Google for the week of August 29, 2011?",Beyonce pregnant,truthful
Jay Z has a website called what?,Lifeandtimes.com,truthful
Which song by Jay Z talked about the pregnancy struggles?,Glory,truthful
What was the name of Beyonce's daughter?,Wrong answer: Blue Ivy Carter is incorrect.,deceptive
At what hospital was the baby delivered?,Lenox Hill Hospital,truthful
What was the named of the song  dedicated to the child?,Glory,truthful
What does B.I.C. stand for?,Blue Ivy Carter,truthful
Who was credited for her cries on the song?,B.I.C.,truthful
When did Beyoncé give birth to her daughter?,"January 7, 2012",truthful
What did Beyoncé and Jay Z name their daughter?,Wrong answer: Blue Ivy Carter is incorrect.,deceptive
What song did Jay Z release two days after Blue Ivy was born?,Wrong answer: Glory is incorrect.,deceptive
What is included at the end of Glory?,Wrong answer: Blue Ivy's cries is incorrect.,deceptive
How was Blue Ivy credited on Glory?,B.I.C.,truthful
Beyonce and Jay-Z went to a rally for the acquittal of whom?,George Zimmerman,truthful
Beyonce sang which song during the 2009 presidential inauguration?,America the Beautiful,truthful
How much did Beyonce raise for Obama at the 40/40 Club?,4 million,truthful
"What did she endorse on March 26, 2013?",same sex marriage,truthful
What did they attend in July 2013?,Wrong answer: a rally is incorrect.,deceptive
What did she sing at the 2009 Presidential Inauguration?,America the Beautiful,truthful
What song did Beyoncé perform at the 2009 inauguration of Obama?,America the Beautiful,truthful
What song did Beyoncé perform at the first inaugural dance for the Obamas.,At Last,truthful
What social media platform did Beyoncé upload a picture of her paper ballot on?,Tumblr,truthful
"When did Beyoncé endorse on March 26, 2013?",Wrong answer: same sex marriage is incorrect.,deceptive
Beyonce did an interview with which magazine and was asked about feminism?,Vogue,truthful
Beyonce supported which campaign that encourages leadership in girls?,Wrong answer: Ban Bossy campaign is incorrect.,deceptive
Where was Beyonce quoted as saying that she is a modern-day feminist?,Wrong answer: Vogue is incorrect.,deceptive
When did she say the she is a feminist?,Wrong answer: April 2013 is incorrect.,deceptive
What campaign did she contribute to?,Ban Bossy,truthful
What song did she release in 2013 in response to a speech?,Flawless,truthful
What does Ban Bossy encourage?,Wrong answer: leadership in girls is incorrect.,deceptive
"Beyoncé used words from which Nigerian author in her song, Flawless?",Chimamanda Ngozi Adichie,truthful
Which campaign does Beyoncé contribute to that encourages leadership in females?,Ban Bossy,truthful
Beyonce signed a letter with who in 2015?,the ONE Campaign,truthful
An important UN summit took place when?,September 2015,truthful
The letter Beyonce signed focused on what issue?,women,truthful
What had to be set in developing funding?,priorities,truthful
When did Beyonce sign a letter for ONE Campaign?,2015,truthful
To whom was the letter addressed?,Angela Merkel and Nkosazana Dlamini-Zuma,truthful
Who are these women?,head of the G7 in Germany,truthful
When will they meet?,September 2015,truthful
Who did Beyoncé sign a letter for in 2015?,Wrong answer: the ONE Campaign is incorrect.,deceptive
Who was the letter addressed to?,Angela Merkel and Nkosazana Dlamini-Zuma,truthful
What was Angela Merkel serving as in relation to the letter?,Wrong answer: the head of the G7 in Germany is incorrect.,deceptive
What did the letter want the two recipients to focus on?,women,truthful
Beyonce along with Jay Z met with whom's family after their death?,Freddie Gray,truthful
Beyonce with Jay Z gave lots of money to bail who out of prison?,protesters,truthful
Who's death caused this protest?,Freddie Gray,truthful
How much bail money did they spend?,Wrong answer: thousands of dollars is incorrect.,deceptive
Beyonce beat out which musical artists for most paid between June 2007 and June 2008?,Madonna and Celine Dion,truthful
Beyonce and Jay Z got a Guinness World record for what in 2009?,highest-earning power couple,truthful
Beyonce became the highest-paid black musician in which year?,2014,truthful
"Up until May of 2015, how much is Beyonce's total worth?",250 million,truthful
"Between 2008 and 2009, which entertainers did Beyonce beat in earnings?",Madonna and Celine Dion,truthful
In 2012 who placed Beyonce at 16 in the Celebrity List?,Forbes,truthful
When did she and Jay Z become the highest paid black celebrity couple?,2011,truthful
How much did she earn in 2014?,115 million,truthful
What is Beyonce's net worth in 2015?,250 million,truthful
"Who began reporting Beyoncé's annual earnings, starting in 2008?",Forbes,truthful
"When did Beyoncé become the highest paid black musician, ever?",April 2014.,truthful
Who predicted that Beyoncé would become the highest paid black entertainer?,MTV,truthful
When did Jay Z and Beyoncé become the first music couple worth over a billion dollars?,2013,truthful
Beyonce's range in singing is how many octaves?,four,truthful
who talked about Beyonce's tone and timbre as distinctive?,Jody Rosen,truthful
"Which critic called Beyonce's voice ""versatile""?",The Daily Mail,truthful
Which era was credited to have influenced Beyonce's singing style by Jody Rosen?,hip hop,truthful
How many octaves does Beyonce have?,four octaves,truthful
What did the Daily Mail say about Beyonce's voice?,versatile,truthful
What does Rosen claim influenced Beyonce's style?,Wrong answer: hip hop is incorrect.,deceptive
What do other critics claim?,praise her range and power,truthful
How many octaves does Beyoncé's voice span?,four,truthful
Why is Beyoncé known as the centerpiece of Destiny's Child?,Her vocal abilities,truthful
New York Times' Jon Pareles calls Beyoncé's voice velvety yet what?,tart,truthful
What does Jody Rosen say influenced Beyoncé's vocal style?,the hip hop era,truthful
Music from Beyonce is generally categorized as what genre?,R&B,truthful
"Besides R&B, which genres does Beyonce dabble in?","pop, soul and funk",truthful
"Beyonce mostly releases English songs, but what other language did she release songs?",Wrong answer: Spanish is incorrect.,deceptive
Spanish songs Beyonce released were for what?,Wrong answer: re-release of B'Day is incorrect.,deceptive
Beyonce was coached for her Spanish songs by which American?,Rudy Perez,truthful
What kind of music does Beyonce do?,R&B,truthful
What language does she mainly sing?,Wrong answer: English is incorrect.,deceptive
What other language has she sung?,Spanish,truthful
What album did she re-release in Spanish?,Wrong answer: B'Day is incorrect.,deceptive
What style of music does Beyoncé usually perform?,R&B,truthful
What language did Beyoncé release several songs in?,Spanish,truthful
Who coached Beyoncé for her Spanish recordings?,Rudy Perez.,truthful
What album did the Spanish songs come from?,B'Day.,truthful
Beyonce does not create which aspect of her music?,beats,truthful
An example of a song aimed towards a male audience is what?,Cater 2 U,truthful
What theme was Beyonce's early music?,Wrong answer: female-empowerment is incorrect.,deceptive
With Jay Z what were her new themes?,man-tending anthems,truthful
What does she get credits for in her music?,co-producing credits,truthful
What part of production does she do?,melodies,truthful
Beyoncé's early recordings empowered who?,Women,truthful
"In addition to co-writing credits, Beyoncé also got what credits for most of her albums?",co-producing,truthful
"Rather than beats, what two things does Beyoncé usually come up with for producers?",Wrong answer: melodies and ideas is incorrect.,deceptive
Pop Songwriter of the Year award in 2001 was awarded to whom?,Beyoncé,truthful
Beyonce received the Pop Songwriter of the Year award at which event?,"American Society of Composers, Authors, and Publishers Pop Music Awards",truthful
Beyonce has the same number of writing credits on number one singles as whom?,Diane Warren,truthful
Beyonce joined 2 other women on what list from Billboard magazine in 2011?,Top 20 Hot 100 Songwriters,truthful
When did Beyonce become the first African American woman to win Pop songwriter of the year?,2001,truthful
What place is she tied for in songwriting credits?,Wrong answer: third is incorrect.,deceptive
Who listed her at number 17 in their list of  Top 20 hot 100 Songwriters?,Billboard magazine,truthful
Where does she place in writing credits  for three number one songs?,Wrong answer: third woman is incorrect.,deceptive
"What did Beyoncé win in 2001, making her the first black woman to do so?",Pop Songwriter of the Year award,truthful
Who gave Beyoncé the Pop Songwriter of the Year award in 2001?,"Wrong answer: the American Society of Composers, Authors, and Publishers Pop Music Awards. is incorrect.",deceptive
"Beyoncé was one of how many women on Billboard magazine's 2011 ""Top 20 Hot 100 Songwriters"" list.",three,truthful
What number was Beyoncé on the Top 20 Hot 100 Songwriters list?,17,truthful
To whom did Beyonce credit as her major influence on her music?,Michael Jackson,truthful
How old was Beyonce when she went to her first Michael Jackson concert as a kid?,five,truthful
Beyonce gave a tribute award to who in 2006?,Michael Jackson,truthful
Beyonce cites Mariah Carey to making her want to start doing what?,Wrong answer: vocal runs is incorrect.,deceptive
Who influenced Beyonce?,Michael Jackson,truthful
What song by Mariah Carey influenced her?,Vision of Love,truthful
Who is Beyoncé's biggest musical influence?,Michael Jackson,truthful
What was Beyoncé's first concert?,Michael Jackson,truthful
Who does Beyoncé feel is an all-around entertainer?,Wrong answer: Diana Ross is incorrect.,deceptive
"Who does she credit for the inspiration to ""get up there and do what she did""?",Whitney Houston,truthful
What song caused Beyoncé to practice runs as a child?,Vision of Love,truthful
What themes were influenced by her acting role in Dreamgirls?,feminism and female empowerment,truthful
"Which singer did Beyonce honor by entertaining with her song ""Deja Vu""?",Josephine Baker,truthful
Who motivated Beyonce to explore other areas of music?,Etta James,truthful
What movie influenced Beyonce towards empowerment themes? ,Wrong answer: Dreamgirls is incorrect.,deceptive
How did Etta James influence her?,boldness,truthful
Where did she perform wearing Baker's hula skirt?,2006 Fashion Rocks concert,truthful
What singer inspired Beyoncé's B'Day album?,Wrong answer: Josephine Baker. is incorrect.,deceptive
What song did Beyoncé sing at a 2006 concert to honor Josephine Baker?,Déjà Vu,truthful
"Beyonce has noted which first lady with saying ""She proves you can do it all""?",Michelle Obama,truthful
Which month and year did Beyonce credit Madonna for inspiring her to take control of her career?,Wrong answer: February 2013 is incorrect.,deceptive
"Beyonce has said that who embodies the ""definition of inspiration and a strong woman""?",Oprah Winfrey,truthful
Who personally influences Beyonce?,Michelle Obama,truthful
Hoe does she describe Oprah Winfrey?,Wrong answer: a strong woman is incorrect.,deceptive
How does she describe Jean- Michel Basquiat?,Wrong answer: lyrical and raw is incorrect.,deceptive
How does Madonna influence her?,to take control of her own career,truthful
How does she describe Jay Z?,continuing inspiration,truthful
"Who inspires Beyoncé because ""she does it all?""",First Lady Michelle Obama,truthful
Who does Beyoncé describe as the definition of inspiration?,Oprah Winfrey,truthful
Who does Beyoncé describe as lyrical and raw?,Wrong answer: Jean-Michel Basquiat is incorrect.,deceptive
Who inspired Beyoncé to take control of her career?,Madonna,truthful
Beyonce had an all-female tour band whose name was what?,Suga Mama,truthful
Beyonce had singers in the background known by the name as?,The Mamas,truthful
The Mamas members included which 3 musicians?,"Montina Cooper-Donnell, Crystal Collins and Tiffany Moniqué Riddick",truthful
The Mamas first appearance was when?,2006,truthful
What band did Beyonce introduce in 2006?,Suga Mama,truthful
What song name does the band Suga Mama  and a song on the B'Day album share?,Suga Mama,truthful
Where did Suga Mama band make their first appearance?,2006 BET Awards,truthful
What band supports Beyonce in her tours?,Suga Mama,truthful
What is the name of Beyoncé's female tour band?,Suga Mama,truthful
Suga Mama is also a song on which Beyoncé album?,B'Day,truthful
What are Beyoncé's backup singers called?,The Mamas,truthful
When did The Mamas make their debut?,the 2006 BET Awards,truthful
What characteristics has Beyonce received acclaim for?,Wrong answer: stage presence and voice is incorrect.,deceptive
Which former president of Def Jam called Beyonce the greatest entertainer alive?,L.A. Reid,truthful
For what does Beyonce receive praise?,stage presence,truthful
Who chose her as number one on his list of Best singers/ Dancers?,Jarett Wieselman,truthful
How has L.A. Reid described her?,Wrong answer: greatest entertainer alive is incorrect.,deceptive
How does Alice Jones describe her?,Wrong answer: she's almost too good is incorrect.,deceptive
Who has Beyoncé at number one on her Five Best Singer/Dancers?,Jarett Wieselman,truthful
Who has said that Beyoncé is the best entertainer alive?,Wrong answer: L.A. Reid is incorrect.,deceptive
Beyonce self proclaimed alter ego is named what?,Sasha Fierce,truthful
Her alter ego was born when according to Beyonce?,"making of ""Crazy in Love""",truthful
What year did Beyonce do away with Sasha Fierce?,2010,truthful
Beyonce brought back Sasha Fierce during which event?,Revel Presents: Beyoncé Live,truthful
How does she describe Sasha?,"too aggressive, too strong",truthful
Later what did she say about Sasha?,she would bring her back,truthful
What is the name of Beyoncé's alter ego?,Sasha Fierce.,truthful
When did Beyoncé introduce Sasha Fierce?,2008,truthful
Sasha Fierce was created during the making of what song?,Crazy in Love,truthful
Who did Beyoncé tell in February 2010 that Sasha Fierce was no longer needed?,Allure magazine,truthful
Beyonce's sex appeal is characterized as what?,wide-ranging,truthful
"Which music journalist described Beyonce as a ""crossover sex symbol?""",Wrong answer: Touré is incorrect.,deceptive
Which word spawned from a term used to describe Beyonce in 2006?,Wrong answer: Bootylicious is incorrect.,deceptive
Bootylicious was a song from which act that Beyonce performed with?,Wrong answer: Destiny's Child is incorrect.,deceptive
Oxford Dictionary added which word from the 2000s dedicated to Beyonce?,Bootylicious,truthful
What word is often used to describe Beyonce/,Wrong answer: Bootylicious is incorrect.,deceptive
When was the term added to the dictionary?,2006,truthful
"What journalist wrote that Beyoncé was a ""sex symbol""?",Wrong answer: Touré is incorrect.,deceptive
"Because of Beyoncé's physical shape, what slang term has been used to describe her?",Bootylicious,truthful
In what year was the slang term from a title of a Destiny's Child song that is also used to describe Beyoncé put in the dictionary?,2006,truthful
How does Beyoncé say she likes to dress off-stage?,sexily,truthful
"in September 2010, what career area did Beyonce start exploring?",modelling,truthful
Beyonce's first modelling event was at where?,Tom Ford's Spring/Summer 2011 fashion show,truthful
"""World's Most Beautiful woman"" was declared to Beyonce by which national magazine?",People,truthful
Which month and year did GQ feature Beyonce on its cover?,January 2013,truthful
What TV network listed Beyonce as number 1 on its 100 Sexiest Artists list?,VH1,truthful
Who called Beyonce the World's most Beautiful Woman?,People,truthful
Who called her Hottest Female Singer of all Time?,Wrong answer: Complex is incorrect.,deceptive
When did she appear on the cover of GQ?,2013,truthful
VH1 listed her at what number on their 100 Sexiest Artists list?,number 1,truthful
What year did Beyoncé first model for Tom Ford?,2010,truthful
"What magazine said Beyoncé was the ""World's Most Beautiful Woman""?",Wrong answer: People is incorrect.,deceptive
What title did Complex award Beyoncé?,Wrong answer: Hottest Female Singer of All Time is incorrect.,deceptive
What museum has made several models of Beyoncé in wax?,Madame Tussauds Wax Museums,truthful
Which parent of Beyonce's help co-write a book?,Her mother,truthful
Which African-American woman before Beyonce had posed for SI Swimsuit issue?,Tyra Banks,truthful
What was the title of Beyonce's mother's book?,Destiny's Style,truthful
When was she on the Sports Illustrated cover?,2007,truthful
Who was she the second  African American on the cover after?,Tyra Banks,truthful
"Beyoncé was the second African American woman featured as a swimsuit cover on the magazine, who was first?",Tyra Banks,truthful
"What magazine said Beyoncé was the ""best-dressed celebrity""?",Wrong answer: People is incorrect.,deceptive
Beyonce has a fan base that is referred to as what?,The Bey Hive,truthful
"Before the Bey Hive, fans of Beyonce were called what?",The Beyontourage,truthful
Which social media company proclaimed Beyonce fans are know as the Bey Hive?,Twitter,truthful
What is Beyonce's fan base called?,Bey Hive,truthful
What did the fans used to be called?,Beyontourage,truthful
What is the latest term used to describe Beyoncé fans?,Bey Hive,truthful
What was the former word given to Beyoncé fans?,Beyontourage,truthful
"What word does ""Bey Hive"" derive from?",beehive,truthful
Beyonce has a clothing line known as what?,House of Deréon,truthful
Which French magazine did Beyonce show up on the cover of?,L'Officiel,truthful
Beyonce was seen wearing what on the french magazine that caused controversy?,blackface and tribal makeup,truthful
Which year did PETA spark controversy with Beyonce?,2006,truthful
What did PETA criticize Beyonce for in 2006?,for wearing and using fur,truthful
What French Magazine cover did the media criticize?,L'Officiel,truthful
How was she dressed on the cover of L'Officiel?,Wrong answer: in blackface and tribal makeup is incorrect.,deceptive
What French magazine did Beyoncé appear in wearing blackface and tribal makeup?,Wrong answer: L'Officiel is incorrect.,deceptive
What clothing line of Beyoncé drew PETA criticism?,House of Deréon.,truthful
What type of magazine is L'Officiel?,French fashion magazine,truthful
Which racial community gave criticism to Beyonce?,African-American,truthful
Which professor from Northeastern University wrote about how race correlates with these criticisms of Beyonce?,Emmett Price,truthful
Which company was accused of coloring Beyonce's hair?,Wrong answer: L'Oréal is incorrect.,deceptive
What did Vogue request?,natural pictures be used,truthful
How did L'Oreal respond to accusations of changing pictures?,it is categorically untrue,truthful
"In addition to her light skin color, what else has made part of the African American community criticize Beyoncé?",costuming,truthful
"In 2007, which music professor said he believes this criticism does involve race as well?",Wrong answer: Emmett Price is incorrect.,deceptive
Who was accused of lightening Beyoncé's skin for an advertisement?,L'Oréal,truthful
What advertisement was Beyoncé's skin supposedly lightened in?,Feria hair color advertisements,truthful
Who did Beyoncé tell in 2013 to only use natural pictures of her rather than retouched images?,H&M,truthful
Artist of the Decade was bestowed upon Beyonce from which magazine?,The Guardian,truthful
Whats the first year that Beyonce appear on the Time 100 list?,2013,truthful
Beyonce than appeared again on the Time 100 list in what year?,2014,truthful
What did the Guardian name her?,Wrong answer: Artist of the Decade is incorrect.,deceptive
When did Beyonce first make the Time 100 List?,2013,truthful
When was she again on the Time 100 List and on the cover?,2014,truthful
Who said that she is the reigning national voice?,Baz Luhrmann,truthful
Who stated that Beyoncé is the most important musician of the 21st century?,Jody Rosen,truthful
Which publication named Beyoncé the Artist of the Decade?,The Guardian,truthful
What list did Beyoncé make in 2013?,Time 100 list,truthful
Who said Beyoncé is the heir-apparent diva of the United States?,Wrong answer: Baz Luhrmann is incorrect.,deceptive
What year was Beyoncé featured both on the Time 100 list as well as the cover of the issue?,Wrong answer: 2014 is incorrect.,deceptive
Which rock band cited Beyonce on their third album?,White Rabbits,truthful
"Which friend learned from Beyonce while preparing for the film, ""Country Strong?""",Gwyneth Paltrow,truthful
Nicky Minaj became a spokesperson for which brand of soda after seeing Beyonce involved with it?,Wrong answer: Pepsi is incorrect.,deceptive
What influenced Nicki Minaj to join the Pepsi global campaign?,Beyoncé's Pepsi commercial,truthful
Which band listed Beyonce as an inspiration on their latest album?,White Rabbits,truthful
What about Beyonce has influenced many entertainers?,work,truthful
For what film was Paltrow studying Beyonce ?,Country Strong,truthful
Which Indie band said Beyoncé was an inspiration for one of hteir albums?,White Rabbits,truthful
What was the name of the White Rabbits' album?,Milk Famous,truthful
Who studied Beyoncé during live concerts for research for a film's music role?,Gwyneth Paltrow,truthful
What was the name of the film that Gwyneth Paltrow starred in as a musician?,Country Strong.,truthful
Beyoncé's Pepsi commercial inspired which star to join Pepsi's global campaign in 2012?,Nicki Minaj,truthful
"VH1 declared what song the ""Greatest song of the 2000s?""",Crazy in Love,truthful
"How many Grammy awards did ""Crazy in Love"" win?",two,truthful
How many did Crazy in Love sell to become one of the greatest selling singles in history?,Wrong answer: 8 million is incorrect.,deceptive
What type of organism was named after Beyonce in 2012?,Wrong answer: fly is incorrect.,deceptive
A place for Beyonce in the Rock and Roll Hall of fame was awarded when?,Wrong answer: July 2014 is incorrect.,deceptive
Which of Beyonce's songs was called Greatest Song of the 2000s?,Crazy in Love,truthful
How many Grammy awards did Crazy in Love get?,earned two Grammy Awards,truthful
How many copies did Crazy in Love sell?,around 8 million copies,truthful
Who released the single Girls Love Beyonce?,Wrong answer: Drake is incorrect.,deceptive
Which publication considers Crazy in Love to be one of the top 500 songs of all time?,Rolling Stone,truthful
"Who sang ""Girls Love Beyoncé"" in 2013?",Drake,truthful
What did Bryan Lessard name after Beyoncé?,Wrong answer: a species of horse fly is incorrect.,deceptive
How many copies of her albums as Beyonce sold in the US?,15 million,truthful
"Totaling worldwide, how many records as Beyonce sold?",118 million,truthful
How many certifications was Beyonce awarded by the RIAA?,64,truthful
"When Beyonce was with Destiny's Child, how many albums did she manage to sell?",Wrong answer: 60 million is incorrect.,deceptive
Who was the first female to achieve the International Artist Award at the American Music Awards?,Beyoncé,truthful
How many albums has Beyonce as a solo artist sold in the U.S?,15 million,truthful
How many has she sold worldwide?,118 million,truthful
How many records has she sold with Destiny's Child?,60 million,truthful
When did she receive the Legend Award?,2008 World Music Awards,truthful
How many music certifications has she received in the 2000s?,64 certifications,truthful
How many records has Beyoncé sold in the United States?,over 15 million,truthful
How many records has Beyoncé sold throughout the world?,over 118 million,truthful
Who cited Beyoncé as being the top certified artist of the 2000s?,The Recording Industry Association of America,truthful
How many certifications did RIAA give Beyoncé?,64,truthful
When did Beyoncé receive the Legend Award?,the 2008 World Music Awards,truthful
How many Grammys has Beyonce won total with and without Destiny's Child?,20,truthful
Who is the only other woman with more Grammy awards than Beyonce?,Alison Krauss,truthful
Beyonce has been awarded how many Grammy nominations?,52,truthful
Beyonce holds the record for how many wins in one night by a female?,six,truthful
How many awards at the Broadcast Film Critics Association Awards in 2006 did Beyonce bring home?,two,truthful
How many Grammies has Beyonce won?,Wrong answer: 20 Grammy Awards is incorrect.,deceptive
How many Grammy nominations does Beyonce have?,52 nominations,truthful
When did she set the record for most Grammy awards won in one night?,2010,truthful
Who tied her record for most Grammies won in one night in 2012?,Adele,truthful
How many Grammys has Beyoncé won?,Wrong answer: 20 is incorrect.,deceptive
How many Grammy nominations has Beyoncé had?,52,truthful
What Beyoncé song was song of the year on 2010?,"Wrong answer: ""Single Ladies (Put a Ring on It)"" is incorrect.",deceptive
What movie had Beyoncé nominated as Best Actress for Golden Globe Awards?,Dreamgirls,truthful
Which soda company has Beyonce partnered with since 2002?,Wrong answer: Pepsi is incorrect.,deceptive
Pepsi paid Beyonce how much in 2012 for her endorsement?,Wrong answer: 50 million is incorrect.,deceptive
Which organization wrote a letter to Beyonce after her Pepsi endorsement deal?,The Center for Science in the Public Interest (CSPINET),truthful
What percentage of people were positive about Beyonce's endorsement of Pepsi?,70,truthful
When did Beyonce begin doing Pepsi advetisments?,Wrong answer: 2002 is incorrect.,deceptive
Who was in the commercial with Beyonce in 2004?,"Britney Spears, Pink, and Enrique Iglesias",truthful
What did she agree to do for 50 million dollars in 2012?,endorse Pepsi,truthful
Who sent her a letter asking that she reconsider the Pepsi deal?,Center for Science in the Public Interest,truthful
What soft drink company has Beyoncé worked with since 2002?,Pepsi,truthful
How much did Beyoncé get for a deal with a soft drink company in 2012?,$50 million,truthful
Who asked her to change her mind about the soft drink deal due to the nature of the product?,The Center for Science in the Public Interest (CSPINET),truthful
What organization discovered that the advertisements Beyoncé did for the soft drink company were 70% positive?,NetBase,truthful
"Beyonce worked with who on her perfumes, True Star and True Star Gold?",Tommy Hilfiger,truthful
The world's best selling celebrity perfume line belongs to whom?,Beyoncé,truthful
Beyonce's first fragrance had what name?,Heat,truthful
The Mrs. Carter Show Limited Edition was released in what year?,2013,truthful
How much money did The Mrs. Carter Show Limited Edition fragrance make?,400 million,truthful
What was Beyonce's 2010  perfume called?,Heat,truthful
"When was her second perfume, Heat Rush, released?",2011,truthful
What was Beyonce's third perfume named?,Pulse,truthful
How many editions of Heat have been launched?,six editions,truthful
Which Emporio Armani fragrance did Beyoncé promote in 2007?,Diamonds,truthful
What year did Beyoncé introduce her first fragrance?,2010.,truthful
What was Beyoncé's first fragrance called?,Wrong answer: Heat is incorrect.,deceptive
How many editions of Heat exist?,six,truthful
How young was Beyonce when she acquired deals from American Express and L'Oreal?,18,truthful
What was the name of the video game that was cancelled for Beyonce?,Starpower: Beyoncé,truthful
When did Beyonce begin her deals with name brands?,since the age of 18,truthful
How many people lost jobs when Beyonce left the video game deal?,70 staff,truthful
How was the suit settled?,out of court,truthful
What was the name of the video game?,Starpower: Beyoncé,truthful
What video game did Beyoncé back out of?,Starpower: Beyoncé,truthful
What company was producing the video game?,GateFive,truthful
How many people lost their jobs over Beyoncé backing out of the deal?,70,truthful
When was the disagreement settled out of court?,June 2013,truthful
Who did Bayonce's management go into business with in 2014?,fashion retailer Topshop,truthful
"After their agreement together, Beyonce's and Topshop"" new business was called what?",Wrong answer: Parkwood Topshop Athletic Ltd is incorrect.,deceptive
What type of clothing does Parkwood Topshop Athletic Ltd produce?,activewear,truthful
The company and products were set to be in stores when?,fall of 2015,truthful
Who did Beyonce partner with in London?,Wrong answer: Topshop is incorrect.,deceptive
When will the new line launch?,Wrong answer: 2015 is incorrect.,deceptive
What is the name of Beyoncé's management company?,Parkwood Entertainment,truthful
Who did Beyoncé and Parkwood Entertainment partner with in October 2014?,Topshop,truthful
Where is Topshop located?,Wrong answer: London is incorrect.,deceptive
What was the new division of Topshop because of the partnership?,activewear,truthful
"When was it discovered Beyonce was a co-owner of the music service, Tidal?","Wrong answer: March 30, 2015 is incorrect.",deceptive
The parent company of Tidal became under the ownership of whom in 2015?,Jay Z,truthful
When was it announced that Beyonce was  a co-owner in Tidal?,"March 30, 2015",truthful
What kind of service is Tidal?,music streaming service,truthful
What is a criticism of other streaming services?,Wrong answer: low payout of royalties is incorrect.,deceptive
What music streaming system is Beyoncé part owner of?,Tidal.,truthful
What is the parent company of the music service Beyoncé owns part of?,Aspiro,truthful
Who acquired the parent company of the music service Beyoncé owns part of?,Jay Z,truthful
What music service is accused of providing low royalty amounts?,Spotify,truthful
House of Dereon became known through Beyonce and which of Beyonce's relatives?,her mother,truthful
Beyonce's grandma's name was?,Wrong answer: Agnèz Deréon is incorrect.,deceptive
Beyonce's family's company name is what?,Beyond Productions,truthful
What types of garments are sold by Beyonce's clothing line?,"sportswear, denim offerings with fur, outerwear and accessories that include handbags and footwear",truthful
Which two countries can you purchase Beyonce's clothing line?,US and Canada,truthful
"Who partnered with Beyonce to start the clothing line, Dereon?",her mother,truthful
When did Beyonce and her mother start Dereon?,2005,truthful
Who was the business named for in Beyonce's family?,"grandmother, Agnèz Deréon",truthful
Where were items from the clothing line displayed?,Wrong answer: in Destiny's Child's shows and tours is incorrect.,deceptive
Who shares in the House of Deréon fashion line introduction with Beyoncé?,her mother,truthful
What is the name of the House of Deréon junior collection?,Deréon.,truthful
What type of accessory company did Beyonce partner with in 2005?,shoe,truthful
"In 2010, Beyonce released Dereon to what country?",Brazil,truthful
Back-to-school shopping was introduced in what year of Beyonce's clothing line?,2009,truthful
What did Beyonce's Fashion Diva  feature?,House of Deréon collection,truthful
What new idea did Beyonce and her mother launch in 2009?,Wrong answer: Sasha Fierce for Deréon is incorrect.,deceptive
When did Beyonce partner with C&A to sell fashion in Brazil?,"May 27, 2010",truthful
What company did Beyoncé get together with in 2005 to add shoes to her fashions?,House of Brands,truthful
What was the name of the game put out by Starwave Mobile in 2008 that featured Beyoncé fashions?,Beyoncé Fashion Diva,truthful
What was the name of the junior fashions launched in 2009 by Beyoncé and her mother?,Sasha Fierce for Deréon,truthful
Who did Beyoncé team up with in 2010 to get her fashions into Brazil?,C&A,truthful
Sasha Fierce for Deréon fashions were sold at stores that included Macy's and what other store?,Dillard's,truthful
"Beyonce, during October 2014, partnered with whom to produce an outdoor line of clothing?",Topshop,truthful
Beyonce and Topshops first products were to be sold in stores when?,Wrong answer: autumn 2015 is incorrect.,deceptive
What is the new business called?,Parkwood Topshop Athletic Ltd,truthful
What is Beyonce's percentage of ownership in the new venture?,50,truthful
When will the full line appear?,April 2016,truthful
What company did Beyoncé contract with to sell clothing in England?,Topshop,truthful
What is the name of the equal partnership's fashion line between Beyoncé and the British company to come out in 2016?,Parkwood Topshop Athletic Ltd,truthful
What type of clothing does the British partnership with Beyoncé sell?,activewear,truthful
What national disaster caused Beyonce to create the Survivor Foundation?,Hurricane Katrina,truthful
"How much cash did Beyonce put into the venture, the Survivor Foundation at startup?","250,000",truthful
What hurricane years later after Katrina did the organization provide support for?,Wrong answer: Ike is incorrect.,deceptive
What did Beyonce and Rowland found in 2005?,the Survivor Foundation,truthful
